﻿<?xml version="1.0" encoding="utf-8"?>
<Project ToolsVersion="4.0" xmlns="http://schemas.microsoft.com/developer/msbuild/2003">
  <PropertyGroup>
    <PerformDatabaseBackup>False</PerformDatabaseBackup>
    <BlockIncrementalDeploymentIfDataLoss>True</BlockIncrementalDeploymentIfDataLoss>
    <DeploymentCollationPreference>UseSourceModelCollation</DeploymentCollationPreference>
    <AlwaysCreateNewDatabase>False</AlwaysCreateNewDatabase>
    <SingleUserMode>False</SingleUserMode>
    <GenerateDropsIfNotInProject>False</GenerateDropsIfNotInProject>
    <DoNotUseAlterAssemblyStatementsToUpdateCLRTypes>False</DoNotUseAlterAssemblyStatementsToUpdateCLRTypes>
    <ProfileVersionNumber>1</ProfileVersionNumber>
  </PropertyGroup>
</Project>